id,conversation_id,created_at,date,time,timezone,user_id,username,name,place,tweet,mentions,urls,photos,replies_count,retweets_count,likes_count,hashtags,cashtags,link,retweet,quote_url,video,near,geo,source,user_rt_id,user_rt,retweet_id,reply_to,retweet_date
1191144021151760384,1190040368148090891,1572825839000,2019-11-04,01:03:59,CET,1120154734554304512,curse10outta10,üåõSocial Justice Witchüåú üá®üá¶üåæüåπüåéüìéüåàüêù‚ôÄÔ∏è,,"JFC. Sooooo, you're just gonna double down on your ignorance......#SHAME  pic.twitter.com/zI7YCI4VXG","['pamfoundation', 'tagaq']",[],[],0,0,0,['#shame'],[],https://twitter.com/curse10outta10/status/1191144021151760384,False,,1,,,,,,,"[{'user_id': '1120154734554304512', 'username': 'curse10outta10'}, {'user_id': '32939851', 'username': 'pamfoundation'}, {'user_id': '75065396', 'username': 'tagaq'}]",
1190921744577683456,1190921744577683456,1572772844000,2019-11-03,10:20:44,CET,2859878845,sunny_jaiswall,Sunny jaiswal,,#Shame on Governments @PMOIndia @ArvindKejriwal https://twitter.com/DrKumarVishwas/status/1190869195677827072¬†‚Ä¶,"['pmoindia', 'arvindkejriwal']",['https://twitter.com/DrKumarVishwas/status/1190869195677827072'],[],0,0,0,['#shame'],[],https://twitter.com/Sunny_jaiswall/status/1190921744577683456,False,https://twitter.com/DrKumarVishwas/status/1190869195677827072,0,,,,,,,"[{'user_id': '2859878845', 'username': 'Sunny_jaiswall'}, {'user_id': '471741741', 'username': 'PMOIndia'}, {'user_id': '405427035', 'username': 'ArvindKejriwal'}]",
1190909053393940480,1190676442679373825,1572769819000,2019-11-03,09:30:19,CET,753832085261996033,enspixenalacara,Clint Is Good üèÖ,,Where is my vote? I'm not represented in EU. #Shame  pic.twitter.com/fqfBKGk0Co,['eu_commission'],[],['https://pbs.twimg.com/media/EIb1ePTXsAIMlmT.jpg'],1,24,59,['#shame'],[],https://twitter.com/enspixenalacara/status/1190909053393940480,False,,0,,,,,,,"[{'user_id': '753832085261996033', 'username': 'enspixenalacara'}, {'user_id': '157981564', 'username': 'EU_Commission'}]",
1190874039130083331,1190874039130083331,1572761470000,2019-11-03,07:11:10,CET,1188876043483901953,comrade_iam,Siddharth,,Is this independent media...??? I think they innocent peoples don't know the fact that India is a secular country.. Or they are living in india. #shame #godimedia pic.twitter.com/VZF4l3Igi0,[],[],['https://pbs.twimg.com/media/EIbVnbzWsAA131n.jpg'],0,0,1,"['#shame', '#godimedia']",[],https://twitter.com/comrade_iam/status/1190874039130083331,False,,0,,,,,,,"[{'user_id': '1188876043483901953', 'username': 'comrade_iam'}]",
1190870679425413120,1190870679425413120,1572760669000,2019-11-03,06:57:49,CET,1101254376449064960,xboxhoneybear11,Shawn Miller,,Caught these teaming on a solo match after they tag teamed me. #shame #CallofDutyBlackOps4 #XboxShare pic.twitter.com/3AWYlaYwtd,[],[],[],0,0,0,"['#shame', '#callofdutyblackops4', '#xboxshare']",[],https://twitter.com/xboxhoneybear11/status/1190870679425413120,False,,1,,,,,,,"[{'user_id': '1101254376449064960', 'username': 'xboxhoneybear11'}]",
1190725544419188736,1190668275413389313,1572726067000,2019-11-02,21:21:07,CET,4544016208,maryalicebisho2,Mary Alice Bishop,,More disgrace to our White House.  Think about the souls that have roamed those halls. That is not who we are as a country.  #Shame,['hunterw'],[],[],2,2,10,['#shame'],[],https://twitter.com/MaryAliceBisho2/status/1190725544419188736,False,,0,,,,,,,"[{'user_id': '4544016208', 'username': 'MaryAliceBisho2'}, {'user_id': '18967418', 'username': 'hunterw'}]",
1190637897814331393,1190637897814331393,1572705170000,2019-11-02,15:32:50,CET,19660232,tinaduryea,TLDuryea,,Erasure of the black woman. #Shame  https://twitter.com/____taty/status/1190611538052341760¬†‚Ä¶,[],['https://twitter.com/____taty/status/1190611538052341760'],[],5,17,47,['#shame'],[],https://twitter.com/TinaDuryea/status/1190637897814331393,False,https://twitter.com/____Taty/status/1190611538052341760,0,,,,,,,"[{'user_id': '19660232', 'username': 'TinaDuryea'}]",
1190443014033821696,1190412185303949316,1572658706000,2019-11-02,02:38:26,CET,408185393,concango,TF,,"Wow ? But it's the fcking phrase invented by 1 of our boys and for us, their real fans only, not for fcking any group or the whole fcking kpop ! Especially don't ever use it for the shitty idol who doens't pay money back & being investigated by police for using drug !! #Shame",['itzreve'],[],[],0,1,29,['#shame'],[],https://twitter.com/concango/status/1190443014033821696,False,,0,,,,,,,"[{'user_id': '408185393', 'username': 'concango'}, {'user_id': '1162159620405809153', 'username': 'ItzReVe'}]",
1190344053088555008,1190253517199564800,1572635112000,2019-11-01,20:05:12,CET,1314511501,gletherby,Gayle Letherby üåπ #VoteLabour,,Mental health slur + utterlly awful decision likely to benefit the Tories #Shame,"['thattimwalker', 'libdems']",[],[],0,20,163,['#shame'],[],https://twitter.com/gletherby/status/1190344053088555008,False,,0,,,,,,,"[{'user_id': '1314511501', 'username': 'gletherby'}, {'user_id': '60606206', 'username': 'ThatTimWalker'}, {'user_id': '5680622', 'username': 'LibDems'}]",
1190342077055266818,1190342077055266818,1572634641000,2019-11-01,19:57:21,CET,4203265799,chefreetuudayk,ChefReetuUdayKugaji,,Saddened-plight of #PMCBankDepositers SEVEN  #PMCBankAccountHolders die  #stress #cardiacarrest #Suicide #Shame on the people responsible for the heinous crime #PMCBankCrisis #delayeddecisions #Liveslost #PMCBankFraud #HonestTaxPayers #HardEarnedMoney @narendramodi @PMOIndia,"['narendramodi', 'pmoindia']",[],[],0,8,4,"['#pmcbankdepositers', '#pmcbankaccountholders', '#stress', '#cardiacarrest', '#suicide', '#shame', '#pmcbankcrisis', '#delayeddecisions', '#liveslost', '#pmcbankfraud', '#honesttaxpayers', '#hardearnedmoney']",[],https://twitter.com/chefreetuudayk/status/1190342077055266818,False,,0,,,,,,,"[{'user_id': '4203265799', 'username': 'chefreetuudayk'}, {'user_id': '18839785', 'username': 'narendramodi'}, {'user_id': '471741741', 'username': 'PMOIndia'}]",
1190271840268107776,1190271840268107776,1572617895000,2019-11-01,15:18:15,CET,94022742,irfhabib,S lrfan Habib,,You turned our Diwali into moharram. Ur Moti Nagar delhi dealer forced us to make full payment for Crysta promising the car bfr Diwali. ‚ÄúExactly the 7th day after payment.‚Äù TWENTY days no vehicle. No response. Return our money asap with interest & harassment compensation  #Shame  https://twitter.com/Toyota_India/status/1188473720488095744¬†‚Ä¶,[],['https://twitter.com/Toyota_India/status/1188473720488095744'],[],5,34,111,['#shame'],[],https://twitter.com/irfhabib/status/1190271840268107776,False,https://twitter.com/Toyota_India/status/1188473720488095744,0,,,,,,,"[{'user_id': '94022742', 'username': 'irfhabib'}]",
1190213945346400256,1190213945346400256,1572604092000,2019-11-01,11:28:12,CET,982974379259842561,bleedgreenarmy,Bleed Green,,These are dead bodies of our sindhi brother which are sent to home through dust load truck  #Shame #TezgamExpressFire pic.twitter.com/8mq3V8gXee,[],[],['https://pbs.twimg.com/media/EIR9QelXkAAyD3T.jpg'],2,2,9,"['#shame', '#tezgamexpressfire']",[],https://twitter.com/bleedgreenarmy/status/1190213945346400256,False,,0,,,,,,,"[{'user_id': '982974379259842561', 'username': 'bleedgreenarmy'}]",
1190128591654096898,1190128591654096898,1572583742000,2019-11-01,05:49:02,CET,1170170200320200705,saaaggood,saaaggood,,No words are needed#trump #shame #looser pic.twitter.com/O3Ohybzmbn,[],[],['https://pbs.twimg.com/media/EIQvpQfXYAEs-Wg.jpg'],0,0,1,"['#shame', '#looser']",[],https://twitter.com/saaaggood/status/1190128591654096898,False,,0,,,,,,,"[{'user_id': '1170170200320200705', 'username': 'saaaggood'}]",
1190103670634860544,1190102652501151744,1572577800000,2019-11-01,04:10:00,CET,1108235680793022464,alps_ovic,Alps Ovi√ß,,I will keep shaming Andrew Murphy until you loose that badge and take a walk in you LAC #andrewmurphy #shame  pic.twitter.com/1cc12iLRpw,['sbsnews'],[],['https://pbs.twimg.com/media/EIQY-rTWsAI-7Sj.jpg'],0,4,5,"['#andrewmurphy', '#shame']",[],https://twitter.com/alps_ovic/status/1190103670634860544,False,,0,,,,,,,"[{'user_id': '1108235680793022464', 'username': 'alps_ovic'}, {'user_id': '8197942', 'username': 'SBSNews'}]",
1189970184661917696,1189970184661917696,1572545975000,2019-10-31,19:19:35,CET,1186624271885520896,ajayparihaar74,AJ Saim,,This is how our government is treating doctors and dancers! #shame #StopRuiningMedicosFuture pic.twitter.com/zbso8Aplk2,[],[],['https://pbs.twimg.com/media/EIOfj_NXYAEHAHl.jpg'],1,5,15,"['#shame', '#stopruiningmedicosfuture']",[],https://twitter.com/ajayparihaar74/status/1189970184661917696,False,,0,,,,,,,"[{'user_id': '1186624271885520896', 'username': 'ajayparihaar74'}]",
1189371050519252993,1189371050519252993,1572403130000,2019-10-30,03:38:50,CET,766650125582233600,ownyourpast,"Sarah Woodhouse, PhD",,"Emotional trauma affects our choices around education, work and money.  Trauma doesn‚Äôt just affect health and relationships, it affects our ability to succeed and find our purpose.  #trauma #PTSD #recovery #shame #EmotionalIntelligence",[],[],[],14,104,278,"['#trauma', '#ptsd', '#recovery', '#shame', '#emotionalintelligence']",[],https://twitter.com/ownyourpast/status/1189371050519252993,False,,0,,,,,,,"[{'user_id': '766650125582233600', 'username': 'ownyourpast'}]",
1189273659946553347,1189267805834743809,1572379910000,2019-10-29,21:11:50,CET,597813130,juanelo1382,juan mtz siguenza.,,The world famous Republicans doing their job. #shame,['gunreformryan'],[],[],0,4,29,['#shame'],[],https://twitter.com/juanelo1382/status/1189273659946553347,False,,0,,,,,,,"[{'user_id': '597813130', 'username': 'juanelo1382'}, {'user_id': '3910760593', 'username': 'GunReformRyan'}]",
1189133353695371264,1189133353695371264,1572346459000,2019-10-29,11:54:19,CET,1005641414909165568,priyara93478459,Priya Raj,,"Once again it had been proved that there is no place for good people in society,specially in india.This is totally insane.#shame #justiceforvijay",[],[],[],0,11,16,"['#shame', '#justiceforvijay']",[],https://twitter.com/PriyaRa93478459/status/1189133353695371264,False,,0,,,,,,,"[{'user_id': '1005641414909165568', 'username': 'PriyaRa93478459'}]",
1188470750715379712,1188470750715379712,1572188482000,2019-10-27,16:01:22,CET,1169276687894212608,jennyyuen9,Jennyyuen.,,"This is Hong Kong policemen  , #shame on them,  who gone judge them?  pic.twitter.com/S6hooOUm5v",[],[],"['https://pbs.twimg.com/media/EH5L1k_UcAA_fbb.jpg', 'https://pbs.twimg.com/media/EH5L2GbU8AEoigs.jpg']",1,2,3,['#shame'],[],https://twitter.com/Jennyyuen9/status/1188470750715379712,False,,0,,,,,,,"[{'user_id': '1169276687894212608', 'username': 'Jennyyuen9'}]",
1188405284840116224,1188405284840116224,1572172874000,2019-10-27,11:41:14,CET,31075576,mir73,Mir Shabbir Ali Bijarani,,Sukkur Multan Motorway is already made and is final and yet the lazy and biased Naizi Government will not open it for public because it doenst want citizens of Sindh to benefit from it #Shame,[],[],[],2,9,27,['#shame'],[],https://twitter.com/Mir73/status/1188405284840116224,False,,0,,,,,,,"[{'user_id': '31075576', 'username': 'Mir73'}]",
1191119855166148610,1191119855166148610,1572820078000,2019-11-03,23:27:58,CET,1561216340,hollywoodindc,üé¨HollywoodinDC,,Well @MayorBowser check this out.  Too bad the crooked council overturned the people‚Äôs vote. #Shame #shame #shame @L_is_a_Hunter https://twitter.com/aoc/status/1191084548265857028¬†‚Ä¶,"['mayorbowser', 'l_is_a_hunter']",['https://twitter.com/aoc/status/1191084548265857028'],[],0,0,0,"['#shame', '#shame', '#shame']",[],https://twitter.com/HollywoodinDC/status/1191119855166148610,False,https://twitter.com/AOC/status/1191084548265857028,0,,,,,,,"[{'user_id': '1561216340', 'username': 'HollywoodinDC'}, {'user_id': '976542720', 'username': 'MayorBowser'}, {'user_id': '287681902', 'username': 'L_is_a_Hunter'}]",
1191075143784771586,1191075143784771586,1572809418000,2019-11-03,20:30:18,CET,930462197423230976,juristestgn,Juristes per la Rep√∫blica,,"Hello @amnesty,  And Catalonia? #shame  https://twitter.com/amnesty/status/1190926241798467585¬†‚Ä¶",['amnesty'],['https://twitter.com/amnesty/status/1190926241798467585'],[],0,17,20,['#shame'],[],https://twitter.com/juristestgn/status/1191075143784771586,False,https://twitter.com/amnesty/status/1190926241798467585,0,,,,,,,"[{'user_id': '930462197423230976', 'username': 'juristestgn'}, {'user_id': '18213483', 'username': 'amnesty'}]",
1191071236547178497,1191071236547178497,1572808486000,2019-11-03,20:14:46,CET,246518479,vkanida,VK,,"Forget about any effort....but Not a single comment on SM by @PMOIndia  or @narendramodi in last 6 yrs, while on power and living in Delhi. #Shame #DelhiAirEmergency https://twitter.com/DDNewsHindi/status/1191026699518918656¬†‚Ä¶","['pmoindia', 'narendramodi']",['https://twitter.com/DDNewsHindi/status/1191026699518918656'],[],0,0,0,"['#shame', '#delhiairemergency']",[],https://twitter.com/VKAnida/status/1191071236547178497,False,https://twitter.com/DDNewsHindi/status/1191026699518918656,0,,,,,,,"[{'user_id': '246518479', 'username': 'VKAnida'}, {'user_id': '471741741', 'username': 'PMOIndia'}, {'user_id': '18839785', 'username': 'narendramodi'}]",
1191048963362893826,1191048963362893826,1572803176000,2019-11-03,18:46:16,CET,47205748,boxster2004,Elmer Saunders,,"Apparently @KellyannePolls isn't reading or watching the news in which @MickMulvaneyOMB admitted this was the case (and told us to ""get over it!"")!  Or is she just #lying?  Either way, #shame on @KellyannePolls !! https://twitter.com/TianaTheFirst/status/1190995879676829696¬†‚Ä¶","['kellyannepolls', 'mickmulvaneyomb']",['https://twitter.com/TianaTheFirst/status/1190995879676829696'],[],0,0,0,"['#lying', '#shame']",[],https://twitter.com/Boxster2004/status/1191048963362893826,False,https://twitter.com/TianaTheFirst/status/1190995879676829696,0,,,,,,,"[{'user_id': '47205748', 'username': 'Boxster2004'}, {'user_id': '471672239', 'username': 'KellyannePolls'}, {'user_id': '888031054141022209', 'username': 'MickMulvaneyOMB'}]",
1191028438095687680,1191018451776741382,1572798282000,2019-11-03,17:24:42,CET,41067164,texrex96,TexRex96,,Yet fudging the truth about consensual sex definitely rose to the level of impeachment in 1998... Tom Cole and the GOP are amoral hypocrites setting horrible precedents they will soon regret. #shame,['resistbot'],[],[],0,0,3,['#shame'],[],https://twitter.com/texrex96/status/1191028438095687680,False,,0,,,,,,,"[{'user_id': '41067164', 'username': 'texrex96'}, {'user_id': '835740314006511618', 'username': 'resistbot'}]",
1191006509590814723,1191006509590814723,1572793054000,2019-11-03,15:57:34,CET,922386351865106432,georgefairhurs4,George Fairhurst,,"Smiling and shaking her head while ¬£17 million is cut from the local area? Forget brass neck, this is bloody bronze neck! #Shame  https://twitter.com/deanneferguson/status/1191005870961901568¬†‚Ä¶",[],['https://twitter.com/deanneferguson/status/1191005870961901568'],[],0,11,14,['#shame'],[],https://twitter.com/GeorgeFairhurs4/status/1191006509590814723,False,https://twitter.com/Deanneferguson/status/1191005870961901568,0,,,,,,,"[{'user_id': '922386351865106432', 'username': 'GeorgeFairhurs4'}]",
1190977385174188033,1190977385174188033,1572786110000,2019-11-03,14:01:50,CET,152894817,pranvprksh,Pranav Prakash,,Foreign players r training wid their mask on. Foreign nationals r issued advisory on air pollution. Thousands are suffering due to poisonous gases. World media is naming and shaming Delhi. Our CM & PM are busy pointing fingers on one another. Welcome to #incredibleindia. #Shame,[],[],[],0,0,0,"['#incredibleindia', '#shame']",[],https://twitter.com/pranvprksh/status/1190977385174188033,False,,0,,,,,,,"[{'user_id': '152894817', 'username': 'pranvprksh'}]",
1190657985489575937,1190630118655430657,1572709959000,2019-11-02,16:52:39,CET,43095630,francis_3,TrumpNeck,,#Shame on these Fox advertisers and sponsors for their unwavering support of misinformation campaign grifters like Carlson and Lauren  @Allstate @esurance @Disney @Marvel @UniversalPics @ProcterGamble @Tampax @Always @Carvana @Bayer @IHOP @Ancestry @LifeLock @Acura,"['designationsix', 'allstate', 'esurance', 'disney', 'marvel', 'universalpics', 'proctergamble', 'tampax', 'always', 'carvana', 'bayer', 'ihop', 'ancestry', 'lifelock', 'acura']",[],[],0,16,13,['#shame'],[],https://twitter.com/Francis_3/status/1190657985489575937,False,,0,,,,,,,"[{'user_id': '43095630', 'username': 'Francis_3'}, {'user_id': '969138694308421632', 'username': 'DesignationSix'}, {'user_id': '14275290', 'username': 'Allstate'}, {'user_id': '14388488', 'username': 'esurance'}, {'user_id': '67418441', 'username': 'Disney'}, {'user_id': '15687962', 'username': 'Marvel'}, {'user_id': '21904217', 'username': 'UniversalPics'}, {'user_id': '27025414', 'username': 'ProcterGamble'}, {'user_id': '438802316', 'username': 'Tampax'}, {'user_id': '438803220', 'username': 'Always'}, {'user_id': '913261260', 'username': 'Carvana'}, {'user_id': '137319302', 'username': 'Bayer'}, {'user_id': '475199073', 'username': 'IHOP'}, {'user_id': '16754078', 'username': 'Ancestry'}, {'user_id': '10257092', 'username': 'LifeLock'}, {'user_id': '24277513', 'username': 'Acura'}]",
1190451287722250240,1190451287722250240,1572660679000,2019-11-02,03:11:19,CET,21905129,wccjtsan,AreYouWillingToFightForThatPersonYouDon'tKnow?,,"CAP, Spkr Pelosi, & every candidate who doesn't support #MedicareForAll need to learn from this boy.  The 8 year old is willing to share his candy with someone he doesn't even know- ""For the next kid"".   #shame on those who won't fight for m4a for someone they don't even know  https://twitter.com/tunnellvision2/status/1190443628491157504¬†‚Ä¶",[],['https://twitter.com/tunnellvision2/status/1190443628491157504'],[],0,6,10,"['#medicareforall', '#shame']",[],https://twitter.com/wccjtsan/status/1190451287722250240,False,https://twitter.com/tunnellvision2/status/1190443628491157504,0,,,,,,,"[{'user_id': '21905129', 'username': 'wccjtsan'}]",
1190404986573705216,1190404986573705216,1572649640000,2019-11-02,00:07:20,CET,932586113226731521,childlovepapa,CRA,,"This is very serious offence.  On dated: 01-11-19 Md. Akil has immolated himself in front of CAW cell, Ranibagh, Delhi because of constant harassment by police #Shame He has been admitted to Mahavir Hospital with 90% burn & referred to Safdurjubg Hospital.  @DelhiPolice @PMOIndia pic.twitter.com/fBUhQkvqME","['delhipolice', 'pmoindia']",[],['https://pbs.twimg.com/media/EIUrBMnWkAAY3cu.jpg'],4,29,17,['#shame'],[],https://twitter.com/childLOVEpapa/status/1190404986573705216,False,,0,,,,,,,"[{'user_id': '932586113226731521', 'username': 'childLOVEpapa'}, {'user_id': '1850705408', 'username': 'DelhiPolice'}, {'user_id': '471741741', 'username': 'PMOIndia'}]",
1190279659054927872,1190279659054927872,1572619759000,2019-11-01,15:49:19,CET,89556473,abhijat23,üöÄAbhijat Shrivastava ‚úç  üáÆüá≥üèÅ,,#Shame  if true @UIDAI @PMOIndia https://twitter.com/GreatGameIndia/status/1189846752246947841¬†‚Ä¶,"['uidai', 'pmoindia']",['https://twitter.com/GreatGameIndia/status/1189846752246947841'],[],0,0,0,['#shame'],[],https://twitter.com/ABHIJAT23/status/1190279659054927872,False,https://twitter.com/GreatGameIndia/status/1189846752246947841,0,,,,,,,"[{'user_id': '89556473', 'username': 'ABHIJAT23'}, {'user_id': '1596415166', 'username': 'UIDAI'}, {'user_id': '471741741', 'username': 'PMOIndia'}]",
1190258828119617537,1190258786415644674,1572614793000,2019-11-01,14:26:33,CET,1186929373443743749,thawratlobnan,Thawra,,"The second is trying to hijack the date and time, and even the design, to get people to support a pro #aoun protest. Telling sign in their first poster, it's the president they're supporting while the flag tries to shrink into the corner. #shame  pic.twitter.com/IteunJjzuU",[],[],"['https://pbs.twimg.com/media/EISmFPYXkAACbLN.jpg', 'https://pbs.twimg.com/media/EISmFj1WwAkUhvG.jpg']",0,0,0,"['#aoun', '#shame']",[],https://twitter.com/thawratlobnan/status/1190258828119617537,False,,0,,,,,,,"[{'user_id': '1186929373443743749', 'username': 'thawratlobnan'}]",
1190254898467749894,1190254898467749894,1572613856000,2019-11-01,14:10:56,CET,763244960,mayaelkik,Maya EL Kik,,"Guys, report this page pls. #shame  pic.twitter.com/QSCJxXD8Ce",[],[],['https://pbs.twimg.com/media/EISig8IWoAAsURu.jpg'],0,1,1,['#shame'],[],https://twitter.com/MayaELKik/status/1190254898467749894,False,,0,,,,,,,"[{'user_id': '763244960', 'username': 'MayaELKik'}]",
1190159405804703744,1190159405804703744,1572591089000,2019-11-01,07:51:29,CET,2557379772,jeetabhikar,ABHIJIT KARMAKAR,,"After 2 month of complaining till now problem not resolve by your government officials, even your government fail to provide drinking water to your own people #shame @DidiKeBolo @MamataOfficial","['didikebolo', 'mamataofficial']",[],[],0,0,0,['#shame'],[],https://twitter.com/jeetabhikar/status/1190159405804703744,False,,0,,,,,,,"[{'user_id': '2557379772', 'username': 'jeetabhikar'}, {'user_id': '1152616481139482629', 'username': 'DidiKeBolo'}, {'user_id': '2526794479', 'username': 'MamataOfficial'}]",
1189826268851773440,1189826268851773440,1572511663000,2019-10-31,09:47:43,CET,1188845123381202944,roland_shan,Rol√¢nd Kim Sh√¢n,,I was suggested to you by Twitter what a #shame do we know each other before? Follow me then I follow you back together we will make good friends okay  pic.twitter.com/vDcmqReFi7,[],[],['https://pbs.twimg.com/media/EIMcrUkXsAApRlo.jpg'],2,0,1,['#shame'],[],https://twitter.com/roland_shan/status/1189826268851773440,False,,0,,,,,,,"[{'user_id': '1188845123381202944', 'username': 'roland_shan'}]",
1189415400246669312,1189415400246669312,1572413704000,2019-10-30,06:35:04,CET,67190473,vivekhooda_,Vivek Hooda,,This is horrifying to see such scars on #SiddharthDey neck  I didn‚Äôt like tht person &he definitely lacked in many ways inside #BiggBoss13 house  If such things cn happen behind 100‚Äôs of üé• & nobody even got a hint in audience üòí #BB13 thinks tht they cn do nythng 4TRP #Shame  pic.twitter.com/wOeqVwONZz,[],[],['https://pbs.twimg.com/media/EIGm_9gUUAAHq3w.jpg'],13,115,273,"['#siddharthdey', '#biggboss13', '#bb13', '#shame']",[],https://twitter.com/vivekhooda_/status/1189415400246669312,False,,0,,,,,,,"[{'user_id': '67190473', 'username': 'vivekhooda_'}]",
1189087015519903747,1189087015519903747,1572335411000,2019-10-29,08:50:11,CET,39759035,nkashokbharan,N.K.Ashokbharan,,I am told that this board is found at a Colombo cafeteria called the ‚ÄúPeppermint cafe‚Äù. This is blatant racism. Right minded people should stop patronising this place. #Shame #LK #SL pic.twitter.com/epGVICrAsk,[],[],['https://pbs.twimg.com/media/EIB8VSwWoAA4gWH.jpg'],13,51,159,"['#shame', '#lk', '#sl']",[],https://twitter.com/nkashokbharan/status/1189087015519903747,False,,0,,,,,,,"[{'user_id': '39759035', 'username': 'nkashokbharan'}]",
1188953164768272390,1188717151202545664,1572303498000,2019-10-28,23:58:18,CET,1187872999644499968,sametta09251237,Sametta,,Yet the deplorable B media felt the need to tour Meghan down for not other reason other than the colour of her  http://skin.As¬† if to say a black woman should not be guest editing a magazine. #Shame on the B media for the despicable way they have treated Duchess of Sussex,['britishvogue'],['http://skin.As'],[],0,1,11,['#shame'],[],https://twitter.com/Sametta09251237/status/1188953164768272390,False,,0,,,,,,,"[{'user_id': '1187872999644499968', 'username': 'Sametta09251237'}, {'user_id': '27844479', 'username': 'BritishVogue'}]",
1188217891470151681,1188217891470151681,1572128196000,2019-10-27,00:16:36,CET,19847181,novogratz,Michael Novogratz,,I can‚Äôt believe how low we have sunk.   Starting to think North Korea is rubbing off on this administration.   #shame  https://twitter.com/mkraju/status/1188216545341792256¬†‚Ä¶,[],['https://twitter.com/mkraju/status/1188216545341792256'],[],28,14,171,['#shame'],[],https://twitter.com/novogratz/status/1188217891470151681,False,https://twitter.com/mkraju/status/1188216545341792256,0,,,,,,,"[{'user_id': '19847181', 'username': 'novogratz'}]",
1187931202004471808,1187931202004471808,1572059843000,2019-10-26,05:17:23,CET,1144606233241894912,ypyyannie,Yannie üò∑üá≠üá∞,,Absolutely ridiculous that now illegal to publish personal information of HKPolice.  Actually HKers can‚Äôt really know they‚Äôre Police cuz all of them wear masks and no ID.  #shame #HKPolice pic.twitter.com/8aoe4GNIFc,[],[],['https://pbs.twimg.com/media/EHxhIQHVAAAZmdB.jpg'],0,5,9,"['#shame', '#hkpolice']",[],https://twitter.com/ypyyannie/status/1187931202004471808,False,,0,,,,,,,"[{'user_id': '1144606233241894912', 'username': 'ypyyannie'}]",
1191107386049740800,1190756370846486528,1572817105000,2019-11-03,22:38:25,CET,706430484780294144,s0ldier_gaming,SOLDIER_GAMING33,,LP OR JP OR GP THEY ALL NEEDS TO BE GO FAR AWAY FROM EARTH.  #PAULS Will be banned from the earth itself.  You mess with nature and the nature shall mark your name as shameüõé shameüõé shame üõé #shame  pic.twitter.com/G3JIj1x7Tq,['keemstar'],[],[],0,0,0,"['#pauls', '#shame']",[],https://twitter.com/S0LDIER_GAMING/status/1191107386049740800,False,,1,,,,,,,"[{'user_id': '706430484780294144', 'username': 'S0LDIER_GAMING'}, {'user_id': '872683897', 'username': 'KEEMSTAR'}]",
1191107279967252480,1191107279967252480,1572817079000,2019-11-03,22:37:59,CET,767546791571009536,judithmilch,Judith A. Milch,,"This is what hate, division & racism look like. Teaching xenophobia to your kids is a sin. Encouraging your children to believe that asylum seekers, refugees & immigrants (who are risking their very lives to come to the US), are criminals, terrorists & dirty scum, is EVIL. #Shame  https://twitter.com/Alyssa_Milano/status/1190998363728035841¬†‚Ä¶",[],['https://twitter.com/Alyssa_Milano/status/1190998363728035841'],[],0,1,1,['#shame'],[],https://twitter.com/JudithMilch/status/1191107279967252480,False,https://twitter.com/Alyssa_Milano/status/1190998363728035841,0,,,,,,,"[{'user_id': '767546791571009536', 'username': 'JudithMilch'}]",
1191104318105169920,1191104318105169920,1572816373000,2019-11-03,22:26:13,CET,2919558907,umairjibran7,#EndOccupation üáµüá∞üáµüá∏,,"Everyone posting shit with the tag of ‚Äú#IAmRabiPirzada‚Äù this is how she responded, with Islamic reference and ya‚Äôll responding with some dare given by the Curator who btw is ANTI-Islam. #Shame!! #SaveASoul  pic.twitter.com/qKvux0En8B",[],[],['https://pbs.twimg.com/media/EIenDvQWkAAxJoX.jpg'],0,0,0,"['#iamrabipirzada', '#shame', '#saveasoul']",[],https://twitter.com/UmairJibran7/status/1191104318105169920,False,,0,,,,,,,"[{'user_id': '2919558907', 'username': 'UmairJibran7'}]",
1191061000063111168,1191061000063111168,1572806045000,2019-11-03,19:34:05,CET,98625181,canadiansymbol,üá®üá¶ Farhaan Tariq,,"#freedommobile #shame on you, you claim LTE speeds in Mississauga, it's not even 2g speed, these are July 2019 results! @ Mississauga, Ontario  https://www.instagram.com/p/B4adrzWhFuS/?igshid=ms9pqlaos94z¬†‚Ä¶",[],['https://www.instagram.com/p/B4adrzWhFuS/?igshid=ms9pqlaos94z'],[],0,0,0,"['#freedommobile', '#shame']",[],https://twitter.com/CanadianSymbol/status/1191061000063111168,False,,0,,,,,,,"[{'user_id': '98625181', 'username': 'CanadianSymbol'}]",
1191052239038820352,1191052239038820352,1572803957000,2019-11-03,18:59:17,CET,965795105876590592,rickubs_10,RITWIK KAUSHIK,,@durguniversity You guys are literally amazing..... Gave supplementary exam of computer and you marked it absent. Lol. Make sure that you don't mark the bride of the son of your Vice-chancellor Dr. Arun Palta Absent on his wedding. #shame #boycottdurguniversity #needrefund,[],[],[],0,0,0,"['#shame', '#boycottdurguniversity', '#needrefund']",[],https://twitter.com/rickubs_10/status/1191052239038820352,False,,0,,,,,,,"[{'user_id': '965795105876590592', 'username': 'rickubs_10'}]",
1191045254494879745,1191037410555179008,1572802291000,2019-11-03,18:31:31,CET,1189729652383744000,cdndriller78,Michael Barrett,,"Our country is a joke and you played a major role in that Butts, #CanadianHistory will remember you with #shame","['gmbutts', 'liberal_party']",[],[],0,2,2,"['#canadianhistory', '#shame']",[],https://twitter.com/CDNDriller78/status/1191045254494879745,False,,0,,,,,,,"[{'user_id': '1189729652383744000', 'username': 'CDNDriller78'}, {'user_id': '212621119', 'username': 'gmbutts'}, {'user_id': '16397147', 'username': 'liberal_party'}]",
1191010927916793856,1190990180045533188,1572794107000,2019-11-03,16:15:07,CET,2485652545,indyscot19,üõ∏üëΩ,,Justify the increase of food banks opening in Scotland caused by your Tory UK government pals.   Justify your Tory colleagues that posed for photographs outside them and at supermarket food donation stands.  Your lot caused this.   #SHAME  pic.twitter.com/GdEM6LhrH3,['anniewellsmsp'],[],"['https://pbs.twimg.com/media/EIdSHusXsAAWoQd.jpg', 'https://pbs.twimg.com/media/EIdSHu1WkAMovUE.jpg']",2,1,3,['#shame'],[],https://twitter.com/IndyScot19/status/1191010927916793856,False,,0,,,,,,,"[{'user_id': '2485652545', 'username': 'IndyScot19'}, {'user_id': '611149024', 'username': 'AnnieWellsMSP'}]",
1190907460594200576,1190907460594200576,1572769439000,2019-11-03,09:23:59,CET,1891531266,shanu19888,Shanu Sharma,,Hy @redBus_in I have booked bus ticket from indore to mumbai via @redBus_in app now received call from bus operator that bus has cancelled. Try call to customer care but got no response is this kind of hell service you guys provide. #RedBus #shame. I need response on my issue,['redbus_in'],[],[],2,1,1,"['#redbus', '#shame']",[],https://twitter.com/shanu19888/status/1190907460594200576,False,,0,,,,,,,"[{'user_id': '1891531266', 'username': 'shanu19888'}, {'user_id': '19583531', 'username': 'redBus_in'}]",
1190889596776615938,1190889596776615938,1572765180000,2019-11-03,08:13:00,CET,2374822296,rohini_express,grandeur d'√¢me,,What Uddhav is doing.??  . why Sanjay Raut taking all calls .. has SS reduced to Sanjay Raut only..   #Shame  https://twitter.com/republic/status/1190889267423264768¬†‚Ä¶,[],['https://twitter.com/republic/status/1190889267423264768'],[],3,0,6,['#shame'],[],https://twitter.com/rohini_express/status/1190889596776615938,False,https://twitter.com/republic/status/1190889267423264768,0,,,,,,,"[{'user_id': '2374822296', 'username': 'rohini_express'}]",
1190836880516034560,1190836880516034560,1572752611000,2019-11-03,04:43:31,CET,743417736,wahab2100,AWS,,"Kachraa player @FakharZamanLive got selected again and again, previously by Kachraa @Inzamam08 and now the same mistake by Mr TUK TUK @captainmisbahpk #Shame","['fakharzamanlive', 'inzamam08', 'captainmisbahpk']",[],[],1,1,2,['#shame'],[],https://twitter.com/wahab2100/status/1190836880516034560,False,,0,,,,,,,"[{'user_id': '743417736', 'username': 'wahab2100'}, {'user_id': '3304925983', 'username': 'FakharZamanLive'}, {'user_id': '793188569158483972', 'username': 'Inzamam08'}, {'user_id': '4459089568', 'username': 'captainmisbahpk'}]",
1190716267931602945,1190716267931602945,1572723855000,2019-11-02,20:44:15,CET,988732882356195329,shahabesaqib3,Falcon,,"Good ""DHARNA"" bad ""Dharna...   #Shame on You #SelectedPM pic.twitter.com/9EjaXGHDsp",[],[],['https://pbs.twimg.com/media/EIZGIEbX0AIU-XI.jpg'],0,0,1,"['#shame', '#selectedpm']",[],https://twitter.com/ShahabeSaqib3/status/1190716267931602945,False,,0,,,,,,,"[{'user_id': '988732882356195329', 'username': 'ShahabeSaqib3'}]",
1190714792433999872,1190507917973188610,1572723503000,2019-11-02,20:38:23,CET,1190711210796175360,hiveleyc,Logan C. Hiveley,,Its baffling to hear that mainstream media companies allow this type of content on their platforms. Glad to see they're finally addressing it... but at the cost of this girls life #shame #csulbsmc,['_evvelyynn'],[],[],0,0,0,"['#shame', '#csulbsmc']",[],https://twitter.com/HiveleyC/status/1190714792433999872,False,,0,,,,,,,"[{'user_id': '1190711210796175360', 'username': 'HiveleyC'}, {'user_id': '1166936539760250881', 'username': '_evvelyynn'}]",
1190673638569193472,1190649946757836800,1572713691000,2019-11-02,17:54:51,CET,560707426,anik1968,Anik,,Yes let's pray for the sexual abuser #Hypocrisy #shame,['kaythird'],[],[],0,0,2,"['#hypocrisy', '#shame']",[],https://twitter.com/anik1968/status/1190673638569193472,False,,0,,,,,,,"[{'user_id': '560707426', 'username': 'anik1968'}, {'user_id': '3127835814', 'username': 'kaythird'}]",
1190653417561001985,1190653417561001985,1572708870000,2019-11-02,16:34:30,CET,4112031734,weindianmuslims,Muslims of India,,#CasteistTwitter is Communal too.   #SHAME  https://twitter.com/WeIndianMuslims/status/1190555893265395713¬†‚Ä¶,[],['https://twitter.com/WeIndianMuslims/status/1190555893265395713'],[],0,8,25,"['#casteisttwitter', '#shame']",[],https://twitter.com/WeIndianMuslims/status/1190653417561001985,False,https://twitter.com/WeIndianMuslims/status/1190555893265395713,0,,,,,,,"[{'user_id': '4112031734', 'username': 'WeIndianMuslims'}]",
1190466244186714112,1190466244186714112,1572664245000,2019-11-02,04:10:45,CET,137455163,avidandiya,üáÆüá≥ Avi Dandiya,,"Again 1st for our nation for wrong reasons world wide schools are shut for snow or rain but never for pollution, #DelhiAirEmergency #Shame",[],[],[],0,3,11,"['#delhiairemergency', '#shame']",[],https://twitter.com/avidandiya/status/1190466244186714112,False,,0,,,,,,,"[{'user_id': '137455163', 'username': 'avidandiya'}]",
1190458013993226240,1190458013993226240,1572662282000,2019-11-02,03:38:02,CET,298387785,ankagarwal33,Ankit Agarwal,,"Farmers of Punjab,Haryana and Western UP are not poor and has to pay zero taxes on their earnings from the rich belt . But still no goverment will dare to make them follow rule of law. #Shame",[],[],[],0,4,8,['#shame'],[],https://twitter.com/ankagarwal33/status/1190458013993226240,False,,0,,,,,,,"[{'user_id': '298387785', 'username': 'ankagarwal33'}]",
1190348910973399041,1190261874371244032,1572636270000,2019-11-01,20:24:30,CET,168547637,alienlifeform_1,-;{@ FAITH @};-,,"Yeah, and we know exactly who he is as well. He's the head of that racist, land-stealing, house-bulldozing, Palestinian-oppressing undemocratic, Apartheid, Zionist state : that you fall all over yourself to ""protect"" and serve. #SHAME  pic.twitter.com/Dzt4Thgx4r",['realdonaldtrump'],[],"['https://pbs.twimg.com/media/EIT4AyvXYAETkhe.jpg', 'https://pbs.twimg.com/media/EIT4A7IW4AAcZWF.jpg', 'https://pbs.twimg.com/media/EIT4BMmWoAE9E4g.jpg', 'https://pbs.twimg.com/media/EIT4BccXkAIvhsD.jpg']",1,5,9,['#shame'],[],https://twitter.com/Alienlifeform_1/status/1190348910973399041,False,,0,,,,,,,"[{'user_id': '168547637', 'username': 'Alienlifeform_1'}, {'user_id': '25073877', 'username': 'realDonaldTrump'}]",
1189959339844481024,1189959339844481024,1572543389000,2019-10-31,18:36:29,CET,195684240,conormlally,Conor Lally,,Achill blocks 13 migrant women coming into their community because (wait for it....) there ‚Äúaren‚Äôt the facilities to cope with them‚Äù. What a load of rubbish. We all know why they weren't welcome. Achill is an embarrassment to Ireland today and DoJ not too far behind #shame,[],[],[],5,4,40,['#shame'],[],https://twitter.com/conormlally/status/1189959339844481024,False,,0,,,,,,,"[{'user_id': '195684240', 'username': 'conormlally'}]",
1189079394809274368,1189079394809274368,1572333594000,2019-10-29,08:19:54,CET,982974379259842561,bleedgreenarmy,Bleed Green,,Twitter Bends to Indian üáÆüá≥ Pressure & Removes 1 Million Pro-Kashmir Tweets. Hypocrisy at its peak #Shame  pic.twitter.com/Z48ms6wMhf,[],[],['https://pbs.twimg.com/media/EIB1aDJXUAI-ROk.png'],0,3,12,['#shame'],[],https://twitter.com/bleedgreenarmy/status/1189079394809274368,False,,0,,,,,,,"[{'user_id': '982974379259842561', 'username': 'bleedgreenarmy'}]",
1188636640689831936,1188630940249198599,1572228033000,2019-10-28,03:00:33,CET,840825066355007488,emilysi63656931,Emily Silver,,"Yeah, it was awesome. They had to turn the cameras away from him otherwise it would have kept getting even louder. #Embarrassment #Shame",['shannonrwatts'],[],[],1,6,138,"['#embarrassment', '#shame']",[],https://twitter.com/EmilySi63656931/status/1188636640689831936,False,,0,,,,,,,"[{'user_id': '840825066355007488', 'username': 'EmilySi63656931'}, {'user_id': '246939630', 'username': 'shannonrwatts'}]",
